term                   ,url                                                                          ,html
how to data engineering,"GoogleResult(name=The Path to Becoming a Data Engineer - DataCampwww.data..
             description=The Path to Becoming a Data Engineer" ,
how to data engineering,"GoogleResult(name=What is Data Engineering and Why Is It So Important? - ..
             description=9 Jul 2021 * The key to understanding what data e..",
how to data engineering,"GoogleResult(name=What Is Data Engineering and Is It Right for You? - Rea..
             description=14 Dec 2020 * Data engineers are often responsibl..",
how to data engineering,"GoogleResult(name=What is a data engineer and what do they do?searchdatam..
             description=A data engineer is an IT worker whose primary job..",
how to data engineering,"GoogleResult(name=Data Warehouse, Data Pipeline and Data Engineer Role | ..
             description=5 days ago * Data engineering is a set of operati..",
how to data engineering,"GoogleResult(name=What Is Data Engineering?www.datasciencegraduateprogram..
             description=Data engineering is the aspect of data science th..",
how to data engineering,"GoogleResult(name=How to Become a Data Engineer in 2021?www.mastersindata..
             description=Steps to Become a Data Engineer * 1. Earn a bache..",
how to data engineering,"GoogleResult(name=What Is a Data Engineer?: A Guide to This In-Demand Car..
             description=29 Jul 2021 * Data engineers work in a variety of..",
how to data engineering,"GoogleResult(name=A Beginner's Guide to Data Engineering -- Part I | by Ro..
             description=8 Jan 2018 * Data engineering field could be thou..",
how to data engineering,"GoogleResult(name=What is a Data Engineer? - Dataquestwww.dataquest.io > ..
             description=25 Jan 2017 * A database-centric data engineer is..",
how to data engineering,"GoogleResult(name=What is a Data Engineer and How Do I Become One? - Xple..
             description=14 Sept 2020 * As part of their responsibilities,..",
how to data engineering,"GoogleResult(name=How Do You Become a Data Engineer? - Springboardwww.spr..
             description=Start by firming up your programming skills and l..",
how to data engineering,"GoogleResult(name=What Is Data Engineering? Responsibilities & Tools - Dr..
             description=Data engineering works with data scientists to un..",
how to data engineering,"GoogleResult(name=What is a data engineer? An analytics role in high dema..
             description=26 Jul 2018 * Data engineers are responsible for ..",
how to data engineering,"GoogleResult(name=How to become a Data Engineer? | Skills Required, Salar..
             description=24 May 2021 * Data Engineering is a broad discipl..",
how to data engineering,"GoogleResult(name=5 things you should know for a career in data engineeri..
             description=23 Jan 2019 * Working with big data often takes a..",
how to data engineering,"GoogleResult(name=Become a Data Engineer with this Complete List of Resou..
             description=8 Nov 2018 * Core Data Engineering Skills and Res..",
how to data engineering,"GoogleResult(name=Data Engineering Concepts and Importance - Analytics Vi..
             description=14 Jun 2021 * Data Engineering is the field assoc..",
how to data engineering,"GoogleResult(name=Data Engineering: A Guide to the Who, What, and How - T..
             description=Data engineering is the act of collecting, transl..",
how to data engineering,"GoogleResult(name=What is Data Engineering? Everything You Need to Know i..
             description=2 Jul 2021 * Data engineers allow an organization..",
how to data engineering,"GoogleResult(name=Become a Data Engineer - Udacitywww.udacity.com > cours..
             description=Data Engineering is the foundation for the new wo..",
how to data engineering,"GoogleResult(name=How to Become a Data Engineer - YouTubewww.youtube.com ..
             description=6 Nov 2019 * How to Become a Data Engineer * Down..",
how to data engineering,"GoogleResult(name=How Data Engineering Works - YouTubewww.youtube.com > w..
             description=17 Mar 2021 * So, the sole purpose of data engine..",
how to data engineering,"GoogleResult(name=data-engineering, | Dell Technologies Education Service..
             description=Develop Essential Data Engineering Skills from Pr..",
how to data engineering,"GoogleResult(name=Is Data Engineering For You?. Maybe you're a recovering..
             description=21 Jun 2021 * Data engineers move, remodel, and m..",
how to data engineering,"GoogleResult(name=Data Engineering - Redditwww.reddit.com > dataengineeri..
             description=r/dataengineering: News & discussion on Data Engi..",
how to data engineering,"GoogleResult(name=What Does A Data Engineer Do? | Le Wagonwww.lewagon.com..
             description=Rating  5.0  (4,133)" ,
how to data engineering,"GoogleResult(name=The Data Engineering Megatrend: A Brief History - Rudde..
             description=Rudderstack explains the detailed history of the ..",
how to data engineering,"GoogleResult(name=Our data engineering capabilities - Royal Haskoningglob..
             description=Data Engineer, Royal HaskoningDHV Digital. A hand..",
how to data engineering,"GoogleResult(name=Data Engineer | McKinsey Analyticswww.mckinsey.com > bu..
             description=As a data engineer, you will build mission-critic..",
how to data engineering,"GoogleResult(name=What is data engineering and why it is important? - Pre..
             description=Data engineering is the complex task of making ra..",
how to data engineering,"GoogleResult(name=Data engineering: A quick and simple definition - O'Rei..
             description=16 Jul 2018 * Data engineers make sure the data t..",
how to data engineering,"GoogleResult(name=We Don't Need Data Scientists, We Need Data Engineers -..
             description=TLDR: There are 70% more open roles at companies ..",
how to data engineering,"GoogleResult(name=How to become a Data Engineer - Salary, Qualifications,..
             description=Data Engineers are computer science experts who d..",
how to data engineering,"GoogleResult(name=Senior data engineer - GOV.UKwww.gov.uk > guidance > da..
             description=7 Jan 2020 * A data engineer develops and constru..",
how to data engineering,"GoogleResult(name=andkret/Cookbook: The Data Engineering Cookbook - GitHu..
             description=Step by step course from researching job postings..",
how to data engineering,"GoogleResult(name=Data Engineering Foundations Online Class - LinkedInwww..
             description=In short, data engineers make data scientists' li..",
how to data engineering,"GoogleResult(name=Data Engineering Solutions - Wunderman Thompson Commerc..
             description=Through expert ecommerce data engineering, discov..",
how to data engineering,"GoogleResult(name=MSc Data Engineering - Courses - Edinburgh Napier Unive..
             description=Data engineering is a major growth area within bo..",
how to data engineering,"GoogleResult(name=How to a Become Data Engineer | Career and Salary Infor..
             description=Data Engineers are in demand in 2021 and beyond. ..",
how to data engineering,"GoogleResult(name=How do I become a data engineer? - Quorawww.quora.com >..
             description=First go to a job board website like- LinkedIn Jo..",
how to data engineering,"GoogleResult(name=Introducing Data Engineering in ArcGIS Pro - Esriwww.es..
             description=20 May 2021 * Using Data Engineering, you can exp..",
how to data engineering,"GoogleResult(name=Why Data Engineering Is Not Just About Data Sciencethen..
             description=18 Jan 2021 * Data engineers build the pipelines ..",
how to data engineering,"GoogleResult(name=How Do I Become a Data Engineer?. - Better Programmingb..
             description=29 Dec 2020 * Unlike some of the other technical ..",
how to data engineering,"GoogleResult(name=Data Scientist vs Data Engineer, What's the difference?..
             description=6 Jun 2016 * Data Engineers are the data professi..",
how to data engineering,"GoogleResult(name=Data Analyst vs Data Engineer vs Data Scientist Skill S..
             description=25 Nov 2020 * Who is a Data Analyst, Data Enginee..",
how to data engineering,"GoogleResult(name=Data Engineering Services and Analytic Platforms - Mang..
             description=ENGINEERING THE RIGHT RESULTS. Any data science t..",
how to data engineering,"GoogleResult(name=DATA ENGINEERING | Jacobs University - Inspiration is a..
             description=Data Engineering is an emerging profession concer..",
how to data engineering,"GoogleResult(name=Data Engineering Simplified: 4 Critical Aspectshevodata..
             description=9 Jun 2021 * Data Engineering is a set of operati..",
how to data engineering,"GoogleResult(name=Snowflake for Data Engineeringwww.snowflake.com > Workl..
             description=Snowflake's modern, cloud-built architecture stre..",
how to data engineering,"GoogleResult(name=Introduction to Data Engineering--ArcGIS Pro | Documenta..
             description=Using data engineering, you can explore, visualiz..",
how to data engineering,"GoogleResult(name=Will Data Engineering Efforts Reduce In The Future? - F..
             description=28 Jan 2021 * Data engineering is the collection,..",
how to data engineering,"GoogleResult(name=Data Engineers on Microsoft Learndocs.microsoft.com > e..
             description=Make your complex data available and accessible *..",
how to data engineering,"GoogleResult(name=Phases of Data Engineering - Elder Researchwww.elderres..
             description=Data Engineering is the discipline of designing, ..",
how to data engineering,"GoogleResult(name=Handbook First on the Data Engineering Team - GitLababo..
             description=Data Engineering Responsibilities * Building and ..",
how to data engineering,"GoogleResult(name=What is Data Engineering? Everything You Need to Know -..
             description=A Data Engineer specializes in data modeling, dat..",
how to data engineering,"GoogleResult(name=CDP Data Engineering - Clouderawww.cloudera.com > produ..
             description=Building on Apache Spark, Data Engineering is an ..",
how to data engineering,"GoogleResult(name=Why Kubernetes Has Become So Popular in Data Engineerin..
             description=16 Jun 2021 * Data scientists and engineers may b..",
how to data engineering,"GoogleResult(name=Data Engineering - Data Principles - | Lightbend Academ..
             description=You will gain an edge whether you have an interes..",
how to data engineering,"GoogleResult(name=[PDF] The impact of data engineering - Informaticawww.i..
             description=Data engineers help you find the right data, make..",
how to data engineering,"GoogleResult(name=[2102.11447] Data Engineering for Everyone - arXivarxiv..
             description=23 Feb 2021 * Data engineering is one of the fast..",
how to data engineering,"GoogleResult(name=Data Engineering Coming of Age - Eckerson Groupwww.ecke..
             description=1 Apr 2018 * Data engineer is a demanding job tha..",
how to data engineering,"GoogleResult(name=Data Engineering | Generation United Kingdomuk.generati..
             description=As a data engineer, you build and maintain the te..",
how to data engineering,"GoogleResult(name=Data Engineer Job Description Template - Glassdoorwww.g..
             description=Data engineers are mainly tasked with transformin..",
how to data engineering,"GoogleResult(name=Data Engineering and its Applications in Financial Mark..
             description=24 Sept 2020 * Data engineering is a field in whi..",
how to data engineering,"GoogleResult(name=What Skills Do Data Engineers Need - Seattle Data Guyww..
             description=15 Apr 2021 * Unlike data scientists and data ana..",
how to data engineering,"GoogleResult(name=Data Engineering | Amazon.jobswww.amazon.jobs > landing..
             description=Data Engineers tackle some of the most complex ch..",
how to data engineering,"GoogleResult(name=Why Data Engineering Is The Fastest Growing Tech Job In..
             description=27 Apr 2021 * The three essential skills to becom..",
how to data engineering,"GoogleResult(name=Data Engineer jobs - reed.co.ukwww.reed.co.uk > jobs > ..
             description=Jobs 1 - 25 of 3683 * Data Engineer (Python / AWS..",
how to data engineering,"GoogleResult(name=Data Engineering and Business Intelligence - Analytics ..
             description=HGS data engineering and business intelligence he..",
how to data engineering,"GoogleResult(name=Data Engineering Learning Journey - GoDataDrivengodatad..
             description=Learn how to build secure data platforms and reli..",
how to data engineering,"GoogleResult(name=The Importance of Data Engineering in Machine Learning ..
             description=Data engineering, on the other hand, is a discipl..",
how to data engineering,"GoogleResult(name=Getting Data Scientists and Data Engineers on the Same ..
             description=27 Jul 2020 * Like cats and dogs, data engineers ..",
how to data engineering,"GoogleResult(name=How to Become a Data Engineer in 2021 | Hacker Newsnews..
             description=(source for everything following: I recently hire..",
how to data engineering,"GoogleResult(name=Category:Data engineers - Wikipediaen.wikipedia.org > w..
             description=A data engineer is someone who creates big data E..",
how to data engineering,"GoogleResult(name=So You Want to Be a Data Engineer? - DATAVERSITYwww.dat..
             description=21 Jan 2021 * The work of Data Engineers is extre..",
how to data engineering,"GoogleResult(name=The Data Engineering Podcastwww.dataengineeringpodcast...
             description=The weekly podcast about data engineering. Learn ..",
how to data engineering,"GoogleResult(name=Data Engineers: Build Data Analysis & Modeling With Eas..
             description=As a data engineer, you are responsible for layin..",
how to data engineering,"GoogleResult(name=The Future of Data Engineering - InfoQwww.infoq.com > a..
             description=16 Feb 2021 * The job of data engineers is to hel..",
how to data engineering,"GoogleResult(name=What is Data Engineering? How to Become a Data Engineer..
             description=16 Sept 2020 * Data engineering is a valuable fie..",
how to data engineering,"GoogleResult(name=Data Engineering with Databricksacademy.databricks.com ..
             description=At the end of the course, you will have all the k..",
how to data engineering,"GoogleResult(name=How to Become a Data Engineer: A Guide - Datafloqdatafl..
             description=8 Feb 2019 * To become a data engineer, you will ..",
how to data engineering,"GoogleResult(name=What is Data Engineering - NUS Information Technologynu..
             description=While Data Scientists are equipped with the knowh..",
how to data engineering,"GoogleResult(name=Data Scientist vs Data Analyst vs Data Engineer: Job Ro..
             description=2 Jul 2021 * Data Scientist vs Data Analyst vs Da..",
how to data engineering,"GoogleResult(name=Engineers Shouldn't Write ETL: A Guide to Building a Hi..
             description=16 Mar 2016 * What is the relationship like betwe..",
how to data engineering,"GoogleResult(name=Data Analyst vs Data Engineer | Thinkfulwww.thinkful.co..
             description=Data engineering focuses on the practical applica..",
how to data engineering,"GoogleResult(name=Data Science & Engineering MSc | University of Dundeeww..
             description=Develop your data engineering and data science kn..",
how to data engineering,"GoogleResult(name=Data Engineer vs Data Scientist: What's the Difference?..
             description=22 Jun 2017 * Data engineers are skilled problem-..",
how to data engineering,"GoogleResult(name=Data Engineer vs. Data Scientist vs. Data Analyst | NCu..
             description=4 Feb 2020 * For many employers data engineers, d..",
how to data engineering,"GoogleResult(name=Data Engineering Articles | dispatch-category - Mode An..
             description=Data engineers empower company initiatives by bui..",
how to data engineering,"GoogleResult(name=How to Hire a Data Engineer - Undercover Recruitertheun..
             description=Data Engineering is one of the fastest-growing jo..",
how to data engineering,"GoogleResult(name=Data Engineer vs. Data Scientist: What They Do - Built ..
             description=25 Aug 2020 * What, Exactly, Do Data Scientists a..",
how to data engineering,"GoogleResult(name=Data engineering in focus - The Hinduwww.thehindu.com >..
             description=21 Jun 2021 * They have their overlaps, but data ..",
how to data engineering,"GoogleResult(name=What is Data Engineering? | A Quick Glance of Data ... ..
             description=Data Engineering is the practice of Data processi..",
how to data engineering,"GoogleResult(name=We Don't Need Data Scientists, We Need Data Engineers -..
             description=Data engineer: Develops a robust and scalable set..",
how to data engineering,"GoogleResult(name=Data Engineer | New York, NY | Bloomberg Careerscareers..
             description=8 Jan 2021 * Job Title: Data Engineer, Location: ..",
how to data engineering,"GoogleResult(name=A Self-Study List for Data Engineers and Aspiring Data ..
             description=15 Mar 2016 * Currently, there seems to be no off..",
how to data engineering,"GoogleResult(name=Top 5 Exciting Data Engineering Projects & Ideas For Be..
             description=7 Jan 2021 * What is a Data Engineer? Data engine..",
how to data engineering,"GoogleResult(name=Collaboration Between Data Science and Data Engineering..
             description=19 Nov 2018 * One is that I don't think that data..",
